{
  "Student": [
    {
      "id": 1,
      "fname": "nitin",
      "lname": "valvi",
      "email": "nvvalvi@gmail.com",
      "password": "nitin1234",
      "mobileno": "9893759293",
      "address": {
        "areaname": "navipeth",
        "cityname": "pune"
      }
    },
    {
      "id": 2,
      "fname": "rahul",
      "lname": "aher",
      "email": "rahul@gmail.com",
      "password": "rahul1234",
      "mobileno": "8932959293",
      "address": {
        "areaname": "karve",
        "cityname": "pune"
      }
    },
    {
      "id": 3,
      "fname": "pravin",
      "lname": "patil",
      "email": "pravin@gmail.com",
      "password": "pravin1234",
      "mobileno": "9898372393",
      "address": {
        "areaname": "karve",
        "cityname": "pune"
      }
    },
    {
      "id": 4,
      "fname": "akshay",
      "lname": "patil",
      "email": "akshay@gmail.com",
      "password": "akshay1234",
      "mobileno": "9893455393",
      "address": {
        "areaname": "hingnehome",
        "cityname": "pune"
      }
    },
    {
      "id": 5,
      "fname": "jayesh",
      "lname": "zope",
      "email": "jayesh@gmail.com",
      "password": "jayesh1234",
      "mobileno": "9839841813",
      "address": {
        "areaname": "shivajinagar",
        "cityname": "Pune"
      }
    },
    {
      "id": 6,
      "fname": "sumit",
      "lname": "patil",
      "email": "sumit@gmail.com",
      "password": "sumit1234",
      "mobileno": "9238492234",
      "address": {
        "areaname": "bavdhan",
        "cityname": "Pune"
      }
    },
    {
      "id": 7,
      "fname": "pratik",
      "lname": "kadukar",
      "email": "pratik@gmail.com",
      "password": "pratik123",
      "mobileno": "938298399",
      "address": {
        "areaname": "warje",
        "cityname": "pune"
      }
    }
  ]
}